<pages>




<link>
<title>Apple 5S</title>
<url>http://www.electronic-palace.com/search_P.php?Search=a_1</url>
</link>
<link>
<title>Printland-Coloured-Back-Covers</title>
<url>http://www.electronic-palace.com/search_P.php?Search=a_10</url>
</link>
<link>
<title>Mobile-Case-Print-Design</title>
<url>http://www.electronic-palace.com/search_P.php?Search=a_11</url>
</link>
<link>
<title>Super-Spiderman-IPhone</title>
<url>http://www.electronic-palace.com/search_P.php?Search=a_12</url>
</link>
<link>
<title>WOW-Rugged-Grenade-Stand</title>
<url>http://www.electronic-palace.com/search_P.php?Search=a_13</url>
</link>
<link>
<title>Fuson-Premium</title>
<url>http://www.electronic-palace.com/search_P.php?Search=a_14</url>
</link>
<link>
<title>DORADO-Flip-Cover-Folio</title>
<url>http://www.electronic-palace.com/search_P.php?Search=a_15</url>
</link>
<link>
<title>El-Dorado-Premium</title>
<url>http://www.electronic-palace.com/search_P.php?Search=a_16</url>
</link>
<link>
<title>Oe-Flip-Hard-Back-Cover</title>
<url>http://www.electronic-palace.com/search_P.php?Search=a_17</url>
</link>
<link>
<title>Printland-Coloured</title>
<url>http://www.electronic-palace.com/search_P.php?Search=a_18</url>
</link>
<link>
<title>EL-DORADO</title>
<url>http://www.electronic-palace.com/search_P.php?Search=a_19</url>
</link>
<link>
<title>kharido-AE-Leather-Flip</title>
<url>http://www.electronic-palace.com/search_P.php?Search=a_2</url>
</link>
<link>
<title>Dressmyphone-Sparkling</title>
<url>http://www.electronic-palace.com/search_P.php?Search=a_20</url>
</link>
<link>
<title>xon phone 5 cover</title>
<url>http://www.electronic-palace.com/search_P.php?Search=a_3</url>
</link>
<link>
<title>Kioshi-s-Premium</title>
<url>http://www.electronic-palace.com/search_P.php?Search=a_4</url>
</link>
<link>
<title>Mobile-Case-Design-mickey</title>
<url>http://www.electronic-palace.com/search_P.php?Search=a_5</url>
</link>
<link>
<title>Leather-Flip-Designer-Stripe</title>
<url>http://www.electronic-palace.com/search_P.php?Search=a_7</url>
</link>
<link>
<title>Mobile-Case-Print-Design-rainbow-5S</title>
<url>http://www.electronic-palace.com/search_P.php?Search=a_8</url>
</link>
<link>
<title>Printland-Back-Cover-Colored</title>
<url>http://www.electronic-palace.com/search_P.php?Search=a_9</url>
</link>
<link>
<title>Nikon-D90-DSLR-Black</title>
<url>http://www.electronic-palace.com/search_P.php?Search=c_1</url>
</link>
<link>
<title>Canon-EOS-70D</title>
<url>http://www.electronic-palace.com/search_P.php?Search=c_2</url>
</link>
<link>
<title>Click-Pro-Oculus</title>
<url>http://www.electronic-palace.com/search_P.php?Search=c_3</url>
</link>
<link>
<title>Nikon-Coolpix</title>
<url>http://www.electronic-palace.com/search_P.php?Search=c_4</url>
</link>
<link>
<title>Sony-CyberShot</title>
<url>http://www.electronic-palace.com/search_P.php?Search=c_5</url>
</link>
<link>
<title>Nikon-Coolpix</title>
<url>http://www.electronic-palace.com/search_P.php?Search=c_6</url>
</link>
<link>
<title>Apple 5s</title>
<url>http://www.electronic-palace.com/search_P.php?Search=deals_1</url>
</link>
<link>
<title>Samsung</title>
<url>http://www.electronic-palace.com/search_P.php?Search=deals_2</url>
</link>
<link>
<title>Sony</title>
<url>http://www.electronic-palace.com/search_P.php?Search=deals_3</url>
</link>
<link>
<title>digital_camernova</title>
<url>http://www.electronic-palace.com/search_P.php?Search=deals_4</url>
</link>
<link>
<title>LG-Chromebase-White</title>
<url>http://www.electronic-palace.com/search_P.php?Search=d_1</url>
</link>
<link>
<title>Lenovo-N308</title>
<url>http://www.electronic-palace.com/search_P.php?Search=d_2</url>
</link>
<link>
<title>Apple-iMac</title>
<url>http://www.electronic-palace.com/search_P.php?Search=d_3</url>
</link>
<link>
<title>Lenovo-desktop</title>
<url>http://www.electronic-palace.com/search_P.php?Search=d_4</url>
</link>
<link>
<title>Apple-iMac</title>
<url>http://www.electronic-palace.com/search_P.php?Search=d_5</url>
</link>
<link>
<title>Seagate-Backup-Plus-Slim</title>
<url>http://www.electronic-palace.com/search_P.php?Search=hd_1</url>
</link>
<link>
<title>ADATA-HE720-Ultra-Slim</title>
<url>http://www.electronic-palace.com/search_P.php?Search=hd_10</url>
</link>
<link>
<title>Seagate-Backup-Plus-Desk</title>
<url>http://www.electronic-palace.com/search_P.php?Search=hd_2</url>
</link>
<link>
<title>Transcend-H3P-2-TB-External</title>
<url>http://www.electronic-palace.com/search_P.php?Search=hd_3</url>
</link>
<link>
<title>WD-My-Passport-Ultra-2TB</title>
<url>http://www.electronic-palace.com/search_P.php?Search=hd_4</url>
</link>
<link>
<title>WD-My-Passport-Ultra</title>
<url>http://www.electronic-palace.com/search_P.php?Search=hd_5</url>
</link>
<link>
<title>Sony-1-TB-External-Hard</title>
<url>http://www.electronic-palace.com/search_P.php?Search=hd_6</url>
</link>
<link>
<title>Sony-External-Hard-Drive</title>
<url>http://www.electronic-palace.com/search_P.php?Search=hd_7</url>
</link>
<link>
<title>WD-Mypassport</title>
<url>http://www.electronic-palace.com/search_P.php?Search=hd_8</url>
</link>
<link>
<title>WD-My-Passport-1-TB</title>
<url>http://www.electronic-palace.com/search_P.php?Search=hd_9</url>
</link>
<link>
<title>Samsung Galaxy S5</title>
<url>http://www.electronic-palace.com/search_P.php?Search=h_1</url>
</link>
<link>
<title>LG G Flex</title>
<url>http://www.electronic-palace.com/search_P.php?Search=h_3</url>
</link>
<link>
<title>LG G3-Metallic Black-32GB</title>
<url>http://www.electronic-palace.com/search_P.php?Search=h_4</url>
</link>
<link>
<title>HTC</title>
<url>http://www.electronic-palace.com/search_P.php?Search=h_5</url>
</link>
<link>
<title>Samsung Galaxy S5 Sport</title>
<url>http://www.electronic-palace.com/search_P.php?Search=h_6</url>
</link>
<link>
<title>LG G3-Metallic Black-32GB</title>
<url>http://www.electronic-palace.com/search_P.php?Search=h_7</url>
</link>
<link>
<title>iPad-Air-2</title>
<url>http://www.electronic-palace.com/search_P.php?Search=i_1</url>
</link>
<link>
<title>Apple-ipad-Mini</title>
<url>http://www.electronic-palace.com/search_P.php?Search=i_2</url>
</link>
<link>
<title>Apple-iPad-Air-32-GB</title>
<url>http://www.electronic-palace.com/search_P.php?Search=i_3</url>
</link>
<link>
<title>ipad</title>
<url>http://www.electronic-palace.com/search_P.php?Search=i_4</url>
</link>
<link>
<title>Apple-iPad -Retina Display</title>
<url>http://www.electronic-palace.com/search_P.php?Search=i_5</url>
</link>
<link>
<title>MacBook-Air</title>
<url>http://www.electronic-palace.com/search_P.php?Search=l_1</url>
</link>
<link>
<title>Dell-Inspiron-Laptop</title>
<url>http://www.electronic-palace.com/search_P.php?Search=l_2</url>
</link>
<link>
<title>Notion-Ink-Cain</title>
<url>http://www.electronic-palace.com/search_P.php?Search=l_3</url>
</link>
<link>
<title>HP-240-G3-Laptop</title>
<url>http://www.electronic-palace.com/search_P.php?Search=l_4</url>
</link>
<link>
<title>HP-G4-Notebook</title>
<url>http://www.electronic-palace.com/search_P.php?Search=l_5</url>
</link>
<link>
<title>Lenovo-B50</title>
<url>http://www.electronic-palace.com/search_P.php?Search=l_7</url>
</link>
<link>
<title>Micromax Canvas Nitro</title>
<url>http://www.electronic-palace.com/search_P.php?Search=p_1</url>
</link>
<link>
<title>Karbonn-Titanium-Octane-Plus</title>
<url>http://www.electronic-palace.com/search_P.php?Search=p_2</url>
</link>
<link>
<title>Apple-iPhone-5S</title>
<url>http://www.electronic-palace.com/search_P.php?Search=p_3</url>
</link>
<link>
<title>Nokia-XL-Black</title>
<url>http://www.electronic-palace.com/search_P.php?Search=p_5</url>
</link>
<link>
<title>Acrobat-XI-Proffessional</title>
<url>http://www.electronic-palace.com/search_P.php?Search=s_1</url>
</link>
<link>
<title>Norton Antivirus</title>
<url>http://www.electronic-palace.com/search_P.php?Search=s_2</url>
</link>
<link>
<title>Ms office</title>
<url>http://www.electronic-palace.com/search_P.php?Search=s_3</url>
</link>
<link>
<title>Ms Office Propack</title>
<url>http://www.electronic-palace.com/search_P.php?Search=s_4</url>
</link>
<link>
<title>Ms Office Student</title>
<url>http://www.electronic-palace.com/search_P.php?Search=s_5</url>
</link>
<link>
<title>Ms Office outlook</title>
<url>http://www.electronic-palace.com/search_P.php?Search=s_6</url>
</link>
<link>
<title>Windows 8.1 Pro</title>
<url>http://www.electronic-palace.com/search_P.php?Search=s_7</url>
</link>
<link>
<title>MacAFee Antivirus</title>
<url>http://www.electronic-palace.com/search_P.php?Search=s_8</url>
</link>
<link>
<title>Notion-Ink-Cain8-Tablet</title>
<url>http://www.electronic-palace.com/search_P.php?Search=tab_1</url>
</link>
<link>
<title>HP-Slate</title>
<url>http://www.electronic-palace.com/search_P.php?Search=tab_2</url>
</link>
<link>
<title>Apple-iPad-Air</title>
<url>http://www.electronic-palace.com/search_P.php?Search=tab_3</url>
</link>
<link>
<title>Micromax-Funbook</title>
<url>http://www.electronic-palace.com/search_P.php?Search=tab_4</url>
</link>
<link>
<title>Vox-7Inch-Dual</title>
<url>http://www.electronic-palace.com/search_P.php?Search=tab_5</url>
</link>
<link>
<title>Vu-40K16-40-Inches-Full</title>
<url>http://www.electronic-palace.com/search_P.php?Search=tv_1</url>
</link>
<link>
<title>Vu-50K160-50-Inches-Full</title>
<url>http://www.electronic-palace.com/search_P.php?Search=tv_2</url>
</link>
<link>
<title>Vu-32K160-32-Inches-HD</title>
<url>http://www.electronic-palace.com/search_P.php?Search=tv_3</url>
</link>
<link>
<title>Samsung-23H4003-23-Inches</title>
<url>http://www.electronic-palace.com/search_P.php?Search=tv_4</url>
</link>
<link>
<title>Samsung-22</title>
<url>http://www.electronic-palace.com/search_P.php?Search=tv_5</url>
</link>





</pages>